Pew Research Center Country and Area Names and Regions ,,,,,,,,,,,,,,,,,,
(Created: May 2026. Last updated: N/A),,,,,,,,,,,,,,,,,,
"This downloadable reference sheet covers the Center's preferred naming and usage conventions for countries, territories and self-govening bodies, as well as our commonly used regional groupings. Hyperlinks refer to important details on each listing in the ""Notes"" sheet. Refer to the sheet ""About This Guide"" for category definitions and primary sources used. For overall style and usage guidance and project background, read this memo:",,,"""Pew Research Center Countries and Regions Update"" (May 2026)",,,,,,,,,,,,,,,
Pew Preferred Naming Convention (2026),,,,Also Commonly Called,,,Pew Regional 2019 (GAP/GMD),,,Pew Regional 2025 (R&E Adds/Exceptions),Religion & Demography,,,,ISO 3166 Code,,,
List Name (alphaetical),In-Text Usage (if different),Shortest Possible,Usage & Geography Note(s),Short,Formal (if differs),Demonym,Broadest2019,Broad2019,Sub2019,Sub2025,Global Religious Landscape 2025,Restrictions 2024,Capital City,UN Member,Alpha3,Alpha2,,
Afghanistan,,,,,Islamic Republic of Afghanistan,"Afghan (n,adj)",Asia,Asia-Pacific,South Asia (See note),(See note),Asia-Pacific,Asia-Pacific,Kabul,Y,AFG,AF,,
Albania,,,,,Republic of Albania,Albanian,Europe,Europe,Eastern Europe,,Europe,Europe,Tirana,Y,ALB,AL,,
Algeria,,,,,People’s Democratic Republic of Algeria,Algerian,Middle East-North Africa,Africa,North Africa,,Middle East-North Africa,Middle East-North Africa,Algiers,Y,DZA,DZ,,
American Samoa,,,,,Territory of American Samoa,(See note),Asia,Asia-Pacific,Oceania,,,,Pago Pago (source: M-W),,ASM,AS,,
Andorra,,,,,Principality of Andorra,Andorran,Europe,Europe,Western Europe,,,Europe,Andorra la Vella,Y,AND,AD,,
Angola,,,,,Republic of Angola,Angolan,Sub-Saharan Africa,Africa,Sub-Saharan Africa,,Sub-Saharan Africa,Sub-Saharan Africa,Luanda,Y,AGO,AO,,
Anguilla,,,,,,Anguillan,Americas,Latin America and the Caribbean,Caribbean,,,,,,AIA,AI,,
Antigua and Barbuda,,Antigua & Barbuda (See note),,,,,Americas,Latin America and the Caribbean,Caribbean,,,Americas,Saint John’s,Y,ATG,AG,,
Argentina,,,,,Argentine Republic,Argentine (See note),Americas,Latin America and the Caribbean,South America,,Latin America-Caribbean,Americas,Buenos Aires,Y,ARG,AR,,
Armenia,,,,,Republic of Armenia,Armenian,Europe,Europe,Eastern Europe,,Asia-Pacific,Asia-Pacific,Yerevan,Y,ARM,AM,,
Aruba,,,,,Country of Aruba (State Dept),Aruban,Americas,Latin America and the Caribbean,Caribbean,,Latin America-Caribbean,,,,ABW,AW,,
Australia,,,,,Commonwealth of Australia (State Dept),Australian,Asia,Asia-Pacific,Oceania,,Asia-Pacific,Asia-Pacific,Canberra,Y,AUS,AU,,
Austria,,,,,Republic of Austria,Austrian,Europe,Europe,Western Europe,,Europe,Europe,Vienna,Y,AUT,AT,,
Azerbaijan,,,,,Republic of Azerbaijan,Azerbaijani (See note),Asia,Asia-Pacific,Central Asia,Eastern Europe (See note),Asia-Pacific,Asia-Pacific,Baku,Y,AZE,AZ,,
Bahamas,"the Bahamas; Abaco, Bahamas",,Gen. takes singular verb. (See note),,"Commonwealth of the Bahamas (State: capitalize ""the"")",Bahamian,Americas,Latin America and the Caribbean,Caribbean,,Latin America-Caribbean,Americas,Nassau,Y,BHS,BS,,
Bahrain,,,,,Kingdom of Bahrain,Bahraini,Middle East-North Africa,Middle East,Middle East,,Middle East-North Africa,Middle East-North Africa,Manama,Y,BHR,BH,,
Bangladesh,,,,,People’s Republic of Bangladesh,Bangladeshi,Asia,Asia-Pacific,South Asia,,Asia-Pacific,Asia-Pacific,Dhaka,Y,BGD,BD,,
Barbados,,,,,,Barbadian,Americas,Latin America and the Caribbean,Caribbean,,Latin America-Caribbean,Americas,Bridgetown,Y,BRB,BB,,
Belarus,,,,,Republic of Belarus,Belarusan,Europe,Europe,Eastern Europe,,Europe,Europe,Minsk,Y,BLR,BY,,
Belgium,,,,,Kingdom of Belgium,Belgian,Europe,Europe,Western Europe,,Europe,Europe,Brussels,Y,BEL,BE,,
Belize,,,,,,Belizean,Americas,Latin America and the Caribbean,Central America,,Latin America-Caribbean,Americas,Belmopan,Y,BLZ,BZ,,
Benin,,,,,Republic of Benin,Beninese,Sub-Saharan Africa,Africa,Sub-Saharan Africa,,Sub-Saharan Africa,Sub-Saharan Africa,Porto-Novo; Cotonou (govt. seat),Y,BEN,BJ,,
Bermuda,,,,,,Bermudan,Americas,North America,North America,,,,Hamilton (source: M-W),,BMU,BM,,
Bhutan,,,,,Kingdom of Bhutan,Bhutanese,Asia,Asia-Pacific,South Asia,,Asia-Pacific,Asia-Pacific,Thimphu,Y,BTN,BT,,
Bolivia,,,,,Plurinational State of Bolivia,Bolivian,Americas,Latin America and the Caribbean,South America,,Latin America-Caribbean,Americas,La Paz (admin.); Sucre (legis./judiciary),Y,BOL,BO,,
Bosnia and Herzegovina,"Bosnia and Herzegovina; Nezuk, Bosnia-Herzegovina (note hyphen)",Bosnia & Herz.,Note hyphenated form with city names. (See note),,,Bosnian (See note),Europe,Europe,Eastern Europe,,Europe,Europe,Sarajevo,Y,BIH,BA,,
Botswana,,,,,Republic of Botswana,,Sub-Saharan Africa,Africa,Sub-Saharan Africa,,Sub-Saharan Africa,Sub-Saharan Africa,Gaborone,Y,BWA,BW,,
Brazil,,,,,Federative Republic of Brazil,Brazilian,Americas,Latin America and the Caribbean,South America,,Latin America-Caribbean,Americas,Brasilia (See note),Y,BRA,BR,,
British Virgin Islands,"the British Virgin Islands; Road Town, British Virgin Islands",,"Gen. takes singular verb; avoid ""Virgin Islands"" alone unless referencing the overall geographic area.",,,,Americas,Latin America and the Caribbean,Caribbean,,,,Road Town (source: M-W),,VGB,VG,,
Brunei,,,,,Brunei Darussalam,Bruneian,Asia,Asia-Pacific,East Asia,,Asia-Pacific,Asia-Pacific,Bandar Seri Begawan,Y,BRN,BN,,
Bulgaria,,,,,Republic of Bulgaria,Bulgarian,Europe,Europe,Eastern Europe,,Europe,Europe,Sofia,Y,BGR,BG,,
Burkina Faso,,,,,,Burkinabe,Sub-Saharan Africa,Africa,Sub-Saharan Africa,,Sub-Saharan Africa,Sub-Saharan Africa,Ouagadougou,Y,BFA,BF,,
Burundi,,,,,Republic of Burundi,Burundian,Sub-Saharan Africa,Africa,Sub-Saharan Africa,,Sub-Saharan Africa,Sub-Saharan Africa,Bujumbura; Gitega (political),Y,BDI,BI,,
Cambodia,,,,,Kingdom of Cambodia,Cambodian,Asia,Asia-Pacific,East Asia,,Asia-Pacific,Asia-Pacific,Phnom Penh,Y,KHM,KH,,
Cameroon,,,,,Republic of Cameroon,Cameroonian,Sub-Saharan Africa,Africa,Sub-Saharan Africa,,Sub-Saharan Africa,Sub-Saharan Africa,Yaounde (See note),Y,CMR,CM,,
Canada,,,,,,Canadian,Americas,North America,North America,,North America,Americas,Ottawa,Y,CAN,CA,,
Cape Verde,,,,Cabo Verde,Republic of Cabo Verde,Cape Verdean,Sub-Saharan Africa,Africa,Sub-Saharan Africa,,Sub-Saharan Africa,Sub-Saharan Africa,Praia,Y,CPV,CV,,
Caribbean Netherlands,the Caribbean Netherlands (See note),,Gen. takes singular verb. (See note),"Bonaire, Sint Eustatius and Saba",,,Americas,Latin America and the Caribbean,Caribbean,,,,,,BES (See note),BQ (See note),,
Cayman Islands,"the Cayman Islands; Georgetown, Cayman Islands",,Gen. takes singular verb.,,,Caymanian,Americas,Latin America and the Caribbean,Caribbean,,,,George Town (source: M-W),,CYM,KY,,
Central African Republic,"the Central African Republic; Bangui, Central African Republic",Central African Rep.,,,,,Sub-Saharan Africa,Africa,Sub-Saharan Africa,,Sub-Saharan Africa,Sub-Saharan Africa,Bangui,Y,CAF,CF,,
Chad,,,,,Republic of Chad,Chadian,Sub-Saharan Africa,Africa,Sub-Saharan Africa,,Sub-Saharan Africa,Sub-Saharan Africa,N’Djamena,Y,TCD,TD,,
Channel Islands,the Channel Islands (See note),,(See note),,,,Europe,Europe,Western Europe,,Europe,,,,"GGY, JEY (See note)","GG, JE (See note)",,
Chile,,,,,Republic of Chile,Chilean,Americas,Latin America and the Caribbean,South America,,Latin America-Caribbean,Americas,Santiago,Y,CHL,CL,,
China,,,(See note),,People’s Republic of China,Chinese,Asia,Asia-Pacific,East Asia,,Asia-Pacific,Asia-Pacific,Beijing,Y,CHN,CN,,
Colombia,,,,,Republic of Colombia,Colombian,Americas,Latin America and the Caribbean,South America,,Latin America-Caribbean,Americas,Bogota (See note),Y,COL,CO,,
Comoros,,,Singular noun.,,Union of the Comoros,Comoran,Sub-Saharan Africa,Africa,Sub-Saharan Africa,,Sub-Saharan Africa,Sub-Saharan Africa,Moroni,Y,COM,KM,,
"Congo, Democratic Republic","the Democratic Republic of the Congo; Kinshasa, Democratic Republic of the Congo","Congo, Dem. Rep. (D.R. Congo where necessary; See note)","Do not use ""Congo"" or ""the Congo"" alone. (See note)",Congo (Kinshasa); Democratic Republic of Congo,Democratic Republic of the Congo,(See note),Sub-Saharan Africa,Africa,Sub-Saharan Africa,,Sub-Saharan Africa,Sub-Saharan Africa,Kinshasa,Y,COD,CD,,
"Congo, Republic","the Republic of the Congo; Brazzaville, Republic of the Congo","Congo, Rep. (See note)","Do not use ""Congo"" or ""the Congo"" alone. (See note)",Congo (Brazzaville); Republic of Congo,Republic of the Congo,(See note),Sub-Saharan Africa,Africa,Sub-Saharan Africa,,Sub-Saharan Africa,Sub-Saharan Africa,Brazzaville,Y,COG,CG,,
Cook Islands,"the Cook Islands; Avarua, Cook Islands",,Gen. takes singular verb.,,,,Asia,Asia-Pacific,Oceania,,,,Avarua,,COK,CK,,
Costa Rica,,,,,Republic of Costa Rica,Costa Rican,Americas,Latin America and the Caribbean,Central America,,Latin America-Caribbean,Americas,San Jose (See note),Y,CRI,CR,,
Croatia,,,,,Republic of Croatia,Croatian,Europe,Europe,Eastern Europe,,Europe,Europe,Zagreb,Y,HRV,HR,,
Cuba,,,,,Republic of Cuba,Cuban,Americas,Latin America and the Caribbean,Caribbean,,Latin America-Caribbean,Americas,Havana,Y,CUB,CU,,
Curacao,,,,Curaçao ,Country of Curaçao (State Dept),,Americas,Latin America and the Caribbean,Caribbean,,Latin America-Caribbean,,,,CUW,CW,,
Cyprus,,,,,Republic of Cyprus,Cypriot,Europe,Europe,Western Europe,,Asia-Pacific,Asia-Pacific,Nicosia,Y,CYP,CY,,
Czech Republic,,,Officially Czechia. (See note),Czechia (govt. prefers),,Czech,Europe,Europe,Eastern Europe,,Europe,Europe,Prague,Y,CZE,CZ,,
Denmark,,,,,Kingdom of Denmark,"Dane (n), Danish (adj)",Europe,Europe,Western Europe,,Europe,Europe,Copenhagen,Y,DNK,DK,,
Djibouti,,,,,Republic of Djibouti,Djiboutian,Sub-Saharan Africa,Africa,Sub-Saharan Africa,,Sub-Saharan Africa,Sub-Saharan Africa,Djibouti,Y,DJI,DJ,,
Dominica,,,,,Commonwealth of Dominica,(See note),Americas,Latin America and the Caribbean,Caribbean,,,Americas,Roseau,Y,DMA,DM,,
Dominican Republic,"the Dominican Republic; Santo Domingo, Dominican Republic",Dominican Rep.,,,,Dominican,Americas,Latin America and the Caribbean,Caribbean,,Latin America-Caribbean,Americas,Santo Domingo,Y,DOM,DO,,
East Timor,"East Timor, also known as Timor-Leste (first ref.)",,"""East Timor"" is favored over ""Timor-Leste"" in U.S.-based news sources. (See note)",Timor-Leste,Democratic Republic of Timor-Leste,,Asia,Asia-Pacific,East Asia,,Asia-Pacific,Asia-Pacific,Dili,Y,TLS,TL,,
Ecuador,,,,,Republic of Ecuador,Ecuadoran,Americas,Latin America and the Caribbean,South America,,Latin America-Caribbean,Americas,Quito,Y,ECU,EC,,
Egypt,,,,,Arab Republic of Egypt,Egyptian,Middle East-North Africa,Middle East,Middle East,North Africa (See note),Middle East-North Africa,Middle East-North Africa,Cairo,Y,EGY,EG,,
El Salvador,,,,,Republic of El Salvador,Salvadoran,Americas,Latin America and the Caribbean,Central America,,Latin America-Caribbean,Americas,San Salvador,Y,SLV,SV,,
Equatorial Guinea,,,,,Republic of Equatorial Guinea,(See note),Sub-Saharan Africa,Africa,Sub-Saharan Africa,,Sub-Saharan Africa,Sub-Saharan Africa,Malabo,Y,GNQ,GQ,,
Eritrea,,,,,State of Eritrea,Eritrean,Sub-Saharan Africa,Africa,Sub-Saharan Africa,,Sub-Saharan Africa,Sub-Saharan Africa,Asmara,Y,ERI,ER,,
Estonia,,,,,Republic of Estonia,Estonian,Europe,Europe,Eastern Europe,,Europe,Europe,Tallinn,Y,EST,EE,,
Eswatini,,,Formerly Swaziland. (See note),Swaziland (formerly),Kingdom of Eswatini,(See note),Sub-Saharan Africa,Africa,Sub-Saharan Africa,,Sub-Saharan Africa,Sub-Saharan Africa,Mbabane (admin.); Lobamba (legis.),Y,SWZ,SZ,,
Ethiopia,,,,,Federal Democratic Republic of Ethiopia,Ethiopian,Sub-Saharan Africa,Africa,Sub-Saharan Africa,,Sub-Saharan Africa,Sub-Saharan Africa,Addis Ababa,Y,ETH,ET,,
Falkland Islands,"the Falkland Islands; Stanley, Falkland Islands",,Gen. takes singular verb. (See note),"Falkland Islands (Malvinas), the Falklands",Falkland Islands (Islas Malvinas),,Americas,Latin America and the Caribbean,South America,,,,,,FLK,FK,,
Faroe Islands,"the Faroe Islands; Torshavn, Faroe Islands",,"Gen. takes singular verb. Avoid ""the Faroes."" (See note)",Faeroe Islands,,,Europe,Europe,Western Europe,,,,,,FRO,FO,,
Fiji,,,,,Republic of Fiji,Fijian,Asia,Asia-Pacific,Oceania,,Asia-Pacific,Asia-Pacific,Suva,Y,FJI,FJ,,
Finland,,,,,Republic of Finland,Finlander (n),Europe,Europe,Western Europe,,Europe,Europe,Helsinki,Y,FIN,FI,,
France,,,,,French Republic,French,Europe,Europe,Western Europe,,Europe,Europe,Paris,Y,FRA,FR,,
French Guiana,,,,,,(See note),Americas,Latin America and the Caribbean,South America,,Latin America-Caribbean,,Cayenne (source: M-W),,GUF,GF,,
French Polynesia,,,,,,(See note),Asia,Asia-Pacific,Oceania,,Asia-Pacific,,Papeete (source: M-W),,PYF,PF,,
Gabon,,,,,Gabonese Republic,Gabonese,Sub-Saharan Africa,Africa,Sub-Saharan Africa,,Sub-Saharan Africa,Sub-Saharan Africa,Libreville,Y,GAB,GA,,
Gambia,,,"Gen. doesn't include ""the."" (See note)",the Gambia; The Gambia (govt.),"Republic of the Gambia (State: capitalize ""the"")",Gambian,Sub-Saharan Africa,Africa,Sub-Saharan Africa,,Sub-Saharan Africa,Sub-Saharan Africa,Banjul,Y,GMB,GM,,
Georgia,,,,,,Georgian,Europe,Europe,Eastern Europe,,Europe,Europe,Tbilisi,Y,GEO,GE,,
Germany,,,,,Federal Republic of Germany,German,Europe,Europe,Western Europe,,Europe,Europe,Berlin,Y,DEU,DE,,
Ghana,,,,,Republic of Ghana,Ghanaian,Sub-Saharan Africa,Africa,Sub-Saharan Africa,,Sub-Saharan Africa,Sub-Saharan Africa,Accra,Y,GHA,GH,,
Gibraltar,,,,,,Gibraltarian,Europe,Europe,Western Europe,,,,,,GIB,GI,,
Greece,,,,,Hellenic Republic,Greek,Europe,Europe,Western Europe,,Europe,Europe,Athens,Y,GRC,GR,,
Greenland,,,,,,"Greenlander (n), Greenlandic (adj)",Americas,North America,North America,,,,Nuuk (source: M-W),,GRL,GL,,
Grenada,,,,,,Grenadan,Americas,Latin America and the Caribbean,Caribbean,,Latin America-Caribbean,Americas,Saint George’s,Y,GRD,GD,,
Guadeloupe,,,,,,Guadeloupean,Americas,Latin America and the Caribbean,Caribbean,,Latin America-Caribbean,,Basse-Terre (source: M-W),,GLP,GP,,
Guam,,,,,Territory of Guam (State Dept),Guamanian,Asia,Asia-Pacific,Oceania,,Asia-Pacific,,Hagatna (See note; source: M-W),,GUM,GU,,
Guatemala,,,,,Republic of Guatemala,Guatemalan,Americas,Latin America and the Caribbean,Central America,,Latin America-Caribbean,Americas,Guatemala City,Y,GTM,GT,,
Guinea,,,,,Republic of Guinea,Guinean (See note),Sub-Saharan Africa,Africa,Sub-Saharan Africa,,Sub-Saharan Africa,Sub-Saharan Africa,Conakry,Y,GIN,GN,,
Guinea-Bissau,,,,,Republic of Guinea-Bissau,,Sub-Saharan Africa,Africa,Sub-Saharan Africa,,Sub-Saharan Africa,Sub-Saharan Africa,Bissau,Y,GNB,GW,,
Guyana,,,,,Co-operative Republic of Guyana,Guyanese,Americas,Latin America and the Caribbean,South America,,Latin America-Caribbean,Americas,Georgetown,Y,GUY,GY,,
Haiti,,,,,Republic of Haiti,Haitian,Americas,Latin America and the Caribbean,Caribbean,,Latin America-Caribbean,Americas,Port-au-Prince,Y,HTI,HT,,
Honduras,,,,,Republic of Honduras,Honduran,Americas,Latin America and the Caribbean,Central America,,Latin America-Caribbean,Americas,Tegucigalpa,Y,HND,HN,,
Hong Kong,,,(See note),"China, Hong Kong SAR",Hong Kong Special Administrative Region,(See note),Asia,Asia-Pacific,East Asia,,Asia-Pacific,Asia-Pacific,,,HKG,HK,,
Hungary,,,,,,Hungarian,Europe,Europe,Eastern Europe,,Europe,Europe,Budapest,Y,HUN,HU,,
Iceland,,,,,,"Icelander (n), Icelandic (adj)",Europe,Europe,Western Europe,,Europe,Europe,Reykjavik (See note),Y,ISL,IS,,
India,,,,,Republic of India,Indian,Asia,Asia-Pacific,South Asia,,Asia-Pacific,Asia-Pacific,New Delhi,Y,IND,IN,,
Indonesia,,,,,Republic of Indonesia,Indonesian,Asia,Asia-Pacific,East Asia,,Asia-Pacific,Asia-Pacific,Jakarta,Y,IDN,ID,,
Iran,,,,,Islamic Republic of Iran,Iranian (source: AP),Middle East-North Africa,Middle East,Middle East,(See note),Asia-Pacific,Asia-Pacific,Tehran,Y,IRN,IR,,
Iraq,,,,,Republic of Iraq,Iraqi,Middle East-North Africa,Middle East,Middle East,,Middle East-North Africa,Middle East-North Africa,Baghdad,Y,IRQ,IQ,,
Ireland,,,,,,Irish,Europe,Europe,Western Europe,,Europe,Europe,Dublin,Y,IRL,IE,,
Isle of Man,"the Isle of Man; Douglas, Isle of Man",,,,,,Europe,Europe,Western Europe,,,,Douglas (source: M-W),,IMN,IM,,
Israel,,,,,State of Israel,Israeli,Middle East-North Africa,Middle East,Middle East,,Middle East-North Africa,Middle East-North Africa,(State Dept recognizes Jerusalem. Do not reference as capital - See note),Y,ISR,IL,,
Italy,,,,,Italian Republic (State); Republic of Italy (UN),Italian,Europe,Europe,Western Europe,,Europe,Europe,Rome,Y,ITA,IT,,
Ivory Coast,,,"Depending on context, may be appropriate to note ""also known as Cote d’Ivoire"" (See note)",Côte d’Ivoire ,Republic of Côte d’Ivoire,Ivorian,Sub-Saharan Africa,Africa,Sub-Saharan Africa,,Sub-Saharan Africa,Sub-Saharan Africa,Yamoussoukro; Abidjan (govt. seat),Y,CIV,CI,,
Jamaica,,,,,,Jamaican,Americas,Latin America and the Caribbean,Caribbean,,Latin America-Caribbean,Americas,Kingston,Y,JAM,JM,,
Japan,,,,,,Japanese,Asia,Asia-Pacific,East Asia,,Asia-Pacific,Asia-Pacific,Tokyo,Y,JPN,JP,,
Jordan,,,,,Hashemite Kingdom of Jordan,Jordanian,Middle East-North Africa,Middle East,Middle East,,Middle East-North Africa,Middle East-North Africa,Amman,Y,JOR,JO,,
Kazakhstan,,,,,Republic of Kazakhstan,(See note),Asia,Asia-Pacific,Central Asia,,Asia-Pacific,Asia-Pacific,Astana,Y,KAZ,KZ,,
Kenya,,,,,Republic of Kenya,Kenyan,Sub-Saharan Africa,Africa,Sub-Saharan Africa,,Sub-Saharan Africa,Sub-Saharan Africa,Nairobi,Y,KEN,KE,,
Kiribati,,,,,Republic of Kiribati,,Asia,Asia-Pacific,Oceania,,Asia-Pacific,Asia-Pacific,Tarawa,Y,KIR,KI,,
Kosovo,,,,,Republic of Kosovo (State Dept),Kosovar,Europe,Europe,Eastern Europe,,Europe,Europe,Pristina,,XKX (See note),XK (See note),,
Kuwait,,,,,State of Kuwait,Kuwaiti,Middle East-North Africa,Middle East,Middle East,,Middle East-North Africa,Middle East-North Africa,Kuwait City,Y,KWT,KW,,
Kyrgyzstan,,,,,Kyrgyz Republic,,Asia,Asia-Pacific,Central Asia,,Asia-Pacific,Asia-Pacific,Bishkek,Y,KGZ,KG,,
Laos,,,,Lao PDR,Lao People’s Democratic Republic,Laotian,Asia,Asia-Pacific,East Asia,,Asia-Pacific,Asia-Pacific,Vientiane,Y,LAO,LA,,
Latvia,,,,,Republic of Latvia,Latvian,Europe,Europe,Eastern Europe,,Europe,Europe,Riga,Y,LVA,LV,,
Lebanon,,,,,Lebanese Republic,Lebanese,Middle East-North Africa,Middle East,Middle East,,Middle East-North Africa,Middle East-North Africa,Beirut,Y,LBN,LB,,
Lesotho,,,,,Kingdom of Lesotho,,Sub-Saharan Africa,Africa,Sub-Saharan Africa,,Sub-Saharan Africa,Sub-Saharan Africa,Maseru,Y,LSO,LS,,
Liberia,,,,,Republic of Liberia,Liberian,Sub-Saharan Africa,Africa,Sub-Saharan Africa,,Sub-Saharan Africa,Sub-Saharan Africa,Monrovia,Y,LBR,LR,,
Libya,,,,,State of Libya,Libyan,Middle East-North Africa,Africa,North Africa,,Middle East-North Africa,Middle East-North Africa,Tripoli,Y,LBY,LY,,
Liechtenstein,,,,,Principality of Liechtenstein,Liechtensteiner (n),Europe,Europe,Western Europe,,,Europe,Vaduz,Y,LIE,LI,,
Lithuania,,,,,Republic of Lithuania,Lithuanian,Europe,Europe,Eastern Europe,,Europe,Europe,Vilnius,Y,LTU,LT,,
Luxembourg,,,,,Grand Duchy of Luxembourg,"Luxembourger (n), Luxembourgian (adj)",Europe,Europe,Western Europe,,Europe,Europe,Luxembourg,Y,LUX,LU,,
Macao,,,(See note),"Macau; China, Macao SAR",Macau Special Administrative Region,(See note),Asia,Asia-Pacific,East Asia,,Asia-Pacific,Asia-Pacific,,,MAC,MO,,
Madagascar,,,,,Republic of Madagascar,Madagascan,Sub-Saharan Africa,Africa,Sub-Saharan Africa,,Sub-Saharan Africa,Sub-Saharan Africa,Antananarivo,Y,MDG,MG,,
Malawi,,,,,Republic of Malawi,Malawian,Sub-Saharan Africa,Africa,Sub-Saharan Africa,,Sub-Saharan Africa,Sub-Saharan Africa,Lilongwe,Y,MWI,MW,,
Malaysia,,,,,,Malaysian,Asia,Asia-Pacific,East Asia,,Asia-Pacific,Asia-Pacific,Kuala Lumpur; Putrajaya (admin.),Y,MYS,MY,,
Maldives,,,,,Republic of Maldives,Maldivian,Asia,Asia-Pacific,South Asia,,Asia-Pacific,Asia-Pacific,Male,Y,MDV,MV,,
Mali,,,,,Republic of Mali,Malian,Sub-Saharan Africa,Africa,Sub-Saharan Africa,,Sub-Saharan Africa,Sub-Saharan Africa,Bamako,Y,MLI,ML,,
Malta,,,,,Republic of Malta,Maltese,Europe,Europe,Western Europe,,Europe,Europe,Valletta,Y,MLT,MT,,
Marshall Islands,"the Marshall Islands; Majuro, Marshall Islands",,Gen. takes singular verb.,,Republic of the Marshall Islands,Marshallese,Asia,Asia-Pacific,Oceania,,,Asia-Pacific,Majuro,Y,MHL,MH,,
Martinique,,,,,,Martinican,Americas,Latin America and the Caribbean,Caribbean,,Latin America-Caribbean,,Fort-de-France (source: M-W),,MTQ,MQ,,
Mauritania,,,,,Islamic Republic of Mauritania,Mauritanian,Sub-Saharan Africa,Africa,Sub-Saharan Africa,,Sub-Saharan Africa,Sub-Saharan Africa,Nouakchott,Y,MRT,MR,,
Mauritius,,,,,Republic of Mauritius,Mauritian,Sub-Saharan Africa,Africa,Sub-Saharan Africa,,Sub-Saharan Africa,Sub-Saharan Africa,Port Louis,Y,MUS,MU,,
Mayotte,,,,,,,Sub-Saharan Africa,Africa,Sub-Saharan Africa,,Sub-Saharan Africa,,,,MYT,YT,,
Mexico,,,,,United Mexican States,Mexican,Americas,Latin America and the Caribbean,Central America (See note),May be broken out separately (See note),Latin America-Caribbean,Americas,Mexico City,Y,MEX,MX,,
"Micronesia, Federated States","the Federated States of Micronesia; Palikir, Federated States of Micronesia","Micronesia, Fed. States","Gen. takes singular verb. Do not use ""Micronesia"" alone. (See note)",,Federated States of Micronesia,(See note),Asia,Asia-Pacific,Oceania,,Asia-Pacific,Asia-Pacific,Palikir,Y,FSM,FM,,
Moldova,,,,,Republic of Moldova,Moldovan,Europe,Europe,Eastern Europe,,Europe,Europe,Chisinau,Y,MDA,MD,,
Monaco,,,,,Principality of Monaco,Monacan,Europe,Europe,Western Europe,,,Europe,Monaco,Y,MCO,MC,,
Mongolia,,,,,,Mongolian,Asia,Asia-Pacific,East Asia,,Asia-Pacific,Asia-Pacific,Ulaanbaatar,Y,MNG,MN,,
Montenegro,,,,,,Montenegrin,Europe,Europe,Eastern Europe,,Europe,Europe,Podgorica,Y,MNE,ME,,
Montserrat,,,,,,Montserratian,Americas,Latin America and the Caribbean,Caribbean,,,,Plymouth (source: M-W),,MSR,MS,,
Morocco,,,,,Kingdom of Morocco,Moroccan,Middle East-North Africa,Africa,North Africa,,Middle East-North Africa,Middle East-North Africa,Rabat,Y,MAR,MA,,
Mozambique,,,,,Republic of Mozambique,Mozambican,Sub-Saharan Africa,Africa,Sub-Saharan Africa,,Sub-Saharan Africa,Sub-Saharan Africa,Maputo,Y,MOZ,MZ,,
Myanmar,"Myanmar, also called Burma, (first ref)",,"In text: ""also called Burma."" (See note)",Burma,Union of Burma (State Dept); Republic of the Union of Myanmar (UN),Burmese (See note),Asia,Asia-Pacific,East Asia,,Asia-Pacific,Asia-Pacific,Rangoon; Nay Pyi Taw (admin.),Y,MMR,MM,,
Namibia,,,,,Republic of Namibia,Namibian,Sub-Saharan Africa,Africa,Sub-Saharan Africa,,Sub-Saharan Africa,Sub-Saharan Africa,Windhoek,Y,NAM,NA,,
Nauru,,,,,Republic of Nauru,Nauruan,Asia,Asia-Pacific,Oceania,,,Asia-Pacific,,Y,NRU,NR,,
Nepal,,,,,,Nepalese,Asia,Asia-Pacific,South Asia,,Asia-Pacific,Asia-Pacific,Kathmandu,Y,NPL,NP,,
Netherlands,"the Netherlands; Rotterdam, Netherlands",,Gen. takes singular verb.,,Kingdom of the Netherlands,Dutch,Europe,Europe,Western Europe,,Europe,Europe,Amsterdam; The Hague (govt. seat),Y,NLD,NL,,
New Caledonia,,,,,,,Asia,Asia-Pacific,Oceania,,Asia-Pacific,,Noumea (See note; source: M-W),,NCL,NC,,
New Zealand,,,,,,New Zealander (n),Asia,Asia-Pacific,Oceania,,Asia-Pacific,Asia-Pacific,Wellington,Y,NZL,NZ,,
Nicaragua,,,,,Republic of Nicaragua,Nicaraguan,Americas,Latin America and the Caribbean,Central America,,Latin America-Caribbean,Americas,Managua,Y,NIC,NI,,
Niger,,,,,Republic of Niger (State); Republic of the Niger (UN),(See note),Sub-Saharan Africa,Africa,Sub-Saharan Africa,,Sub-Saharan Africa,Sub-Saharan Africa,Niamey,Y,NER,NE,,
Nigeria,,,,,Federal Republic of Nigeria,Nigerian,Sub-Saharan Africa,Africa,Sub-Saharan Africa,,Sub-Saharan Africa,Sub-Saharan Africa,Abuja,Y,NGA,NG,,
Niue,,,,,,Niuean,Asia,Asia-Pacific,Oceania,,,,Alofi,,NIU,NU,,
North Korea,(See note),N. Korea,(See note),,Democratic People’s Republic of Korea,North Korean (See note),Asia,Asia-Pacific,East Asia,,Asia-Pacific,,Pyongyang,Y,PRK,KP,,
North Macedonia,,N. Macedonia,,,Republic of North Macedonia,Macedonian,Europe,Europe,Eastern Europe,,Europe,Europe,Skopje,Y,MKD,MK,,
Northern Mariana Islands,"the Northern Mariana Islands; Saipan, Northern Mariana Islands",N. Mariana Islands,Gen. takes singular verb.,,Commonwealth of the Northern Mariana Islands,,Asia,Asia-Pacific,Oceania,,,,,,MNP,MP,,
Norway,,,,,Kingdom of Norway,Norwegian,Europe,Europe,Western Europe,,Europe,Europe,Oslo,Y,NOR,NO,,
Oman,,,,,Sultanate of Oman,Omani,Middle East-North Africa,Middle East,Middle East,,Middle East-North Africa,Middle East-North Africa,Muscat,Y,OMN,OM,,
Pakistan,,,,,Islamic Republic of Pakistan,Pakistani,Asia,Asia-Pacific,South Asia,,Asia-Pacific,Asia-Pacific,Islamabad,Y,PAK,PK,,
Palau,,,,,Republic of Palau,Palauan,Asia,Asia-Pacific,Oceania,,,Asia-Pacific,Ngerulmud,Y,PLW,PW,,
Palestinian territories,the Palestinian territories (See note),Palest. terr.,"Gen. takes singular verb. Avoid using ""Palestine"" alone. (See note)",Palestine,State of Palestine,Palestinian (See note),Middle East-North Africa,Middle East,Middle East,,Middle East-North Africa,Middle East-North Africa,,O,PSE,PS,,
Panama,,,,,Republic of Panama,Panamanian,Americas,Latin America and the Caribbean,Central America,,Latin America-Caribbean,Americas,Panama City,Y,PAN,PA,,
Papua New Guinea,,,,,Independent State of Papua New Guinea,Papua New Guinean,Asia,Asia-Pacific,East Asia,,Asia-Pacific,Asia-Pacific,Port Moresby,Y,PNG,PG,,
Paraguay,,,,,Republic of Paraguay,Paraguayan,Americas,Latin America and the Caribbean,South America,,Latin America-Caribbean,Americas,Asuncion (See note),Y,PRY,PY,,
Peru,,,,,Republic of Peru,Peruvian,Americas,Latin America and the Caribbean,South America,,Latin America-Caribbean,Americas,Lima,Y,PER,PE,,
Philippines,"the Philippines; Manila, Philippines",,Gen. takes singular verb.,,Republic of the Philippines,"Filipino (n), Philippine (adj) (See note)",Asia,Asia-Pacific,East Asia,,Asia-Pacific,Asia-Pacific,Manila,Y,PHL,PH,,
Poland,,,,,Republic of Poland,Polish,Europe,Europe,Eastern Europe,,Europe,Europe,Warsaw,Y,POL,PL,,
Portugal,,,,,Portuguese Republic,Portuguese,Europe,Europe,Western Europe,,Europe,Europe,Lisbon,Y,PRT,PT,,
Puerto Rico,,,(See note),,Commonwealth of Puerto Rico (State Dept),Puerto Rican,Americas,Latin America and the Caribbean,Caribbean (See note),(See note),Latin America-Caribbean,,San Juan (source: M-W),,PRI,PR,,
Qatar,,,,,State of Qatar,Qatari,Middle East-North Africa,Middle East,Middle East,,Middle East-North Africa,Middle East-North Africa,Doha,Y,QAT,QA,,
Reunion,,,,Réunion,,,Sub-Saharan Africa,Africa,Sub-Saharan Africa,,Sub-Saharan Africa,,Saint-Denis (source: M-W),,REU,RE,,
Romania,,,,,Romania,Romanian,Europe,Europe,Eastern Europe,,Europe,Europe,Bucharest,Y,ROU,RO,,
Russia,,,,,Russian Federation,Russian,Europe,Europe,Eastern Europe (See note),,Europe,Europe,Moscow,Y,RUS,RU,,
Rwanda,,,,,Republic of Rwanda,Rwandan,Sub-Saharan Africa,Africa,Sub-Saharan Africa,,Sub-Saharan Africa,Sub-Saharan Africa,Kigali,Y,RWA,RW,,
Samoa,,,,,Independent State of Samoa,Samoan,Asia,Asia-Pacific,Oceania,,Asia-Pacific,Asia-Pacific,Apia,Y,WSM,WS,,
San Marino,,,,,Republic of San Marino,San Marinese (See note),Europe,Europe,Western Europe,,,Europe,San Marino,Y,SMR,SM,,
Sao Tome and Principe,,Sao Tome & Principe,,São Tomé and Príncipe,Democratic Republic of Sao Tome and Principe,,Sub-Saharan Africa,Africa,Sub-Saharan Africa,,Sub-Saharan Africa,Sub-Saharan Africa,Sao Tome (See note),Y,STP,ST,,
Saudi Arabia,,,,,Kingdom of Saudi Arabia,Saudi Arabian,Middle East-North Africa,Middle East,Middle East,,Middle East-North Africa,Middle East-North Africa,Riyadh,Y,SAU,SA,,
Senegal,,,,,Republic of Senegal,Senegalese,Sub-Saharan Africa,Africa,Sub-Saharan Africa,,Sub-Saharan Africa,Sub-Saharan Africa,Dakar,Y,SEN,SN,,
Serbia,,,,,Republic of Serbia,"Serb (n), Serbian (adj)",Europe,Europe,Eastern Europe,,Europe,Europe,Belgrade,Y,SRB,RS,,
Seychelles,,,"Not ""the."" Takes a singular verb.",,Republic of Seychelles,(See note),Sub-Saharan Africa,Africa,Sub-Saharan Africa,,Sub-Saharan Africa,Sub-Saharan Africa,Victoria,Y,SYC,SC,,
Sierra Leone,,,,,Republic of Sierra Leone,Sierra Leonean,Sub-Saharan Africa,Africa,Sub-Saharan Africa,,Sub-Saharan Africa,Sub-Saharan Africa,Freetown,Y,SLE,SL,,
Singapore,,,,,Republic of Singapore,Singaporean,Asia,Asia-Pacific,East Asia,,Asia-Pacific,Asia-Pacific,Singapore,Y,SGP,SG,,
Slovakia,,,,,Slovak Republic,Slovak,Europe,Europe,Eastern Europe,,Europe,Europe,Bratislava,Y,SVK,SK,,
Slovenia,,,,,Republic of Slovenia,Slovenian (source: AP usage),Europe,Europe,Eastern Europe,,Europe,Europe,Ljubljana,Y,SVN,SI,,
Solomon Islands,"the Solomon Islands; Honiara, Solomon Islands",,Gen. takes singular verb.,,,,Asia,Asia-Pacific,Oceania,,Asia-Pacific,Asia-Pacific,Honiara,Y,SLB,SB,,
Somalia,,,,,Federal Republic of Somalia,Somalian,Sub-Saharan Africa,Africa,Sub-Saharan Africa,,Sub-Saharan Africa,Sub-Saharan Africa,Mogadishu,Y,SOM,SO,,
South Africa,,S. Africa,,,Republic of South Africa,South African,Sub-Saharan Africa,Africa,Sub-Saharan Africa,,Sub-Saharan Africa,Sub-Saharan Africa,Pretoria (admin.); Cape Town (legis.); Bloemfontein (judiciary),Y,ZAF,ZA,,
South Korea,(See note),S. Korea,(See note),,Republic of Korea,South Korean (See note),Asia,Asia-Pacific,East Asia,,Asia-Pacific,Asia-Pacific,Seoul,Y,KOR,KR,,
South Sudan,,S. Sudan,,,Republic of South Sudan,,Sub-Saharan Africa,Africa,Sub-Saharan Africa,,Sub-Saharan Africa,Sub-Saharan Africa,Juba,Y,SSD,SS,,
Spain,,,,,Kingdom of Spain,"Spaniard (n), Spanish (adj) (See note)",Europe,Europe,Western Europe,,Europe,Europe,Madrid,Y,ESP,ES,,
Sri Lanka,,,,,Democratic Socialist Republic of Sri Lanka,Sri Lankan,Asia,Asia-Pacific,South Asia,,Asia-Pacific,Asia-Pacific,Colombo; Sri Jayewardenepura Kotte (legis.),Y,LKA,LK,,
St. Barthelemy,,,"Do not use ""St. Barts."" (See note)","Saint Barthélemy, Saint Barthelemy",,,Americas,Latin America and the Caribbean,Caribbean,,,,,,BLM,BL,,
St. Kitts and Nevis,,St. Kitts & Nevis,,Saint Kitts and Nevis,Federation of Saint Kitts and Nevis (State Dept); Saint Kitts and Nevis (UN),,Americas,Latin America and the Caribbean,Caribbean,,,Americas,Basseterre,Y,KNA,KN,,
St. Lucia,,,,Saint Lucia,,,Americas,Latin America and the Caribbean,Caribbean,,Latin America-Caribbean,Americas,Castries,Y,LCA,LC,,
St. Maarten (Dutch),St. Maarten (See note),,,Sint Maarten,Country of Sint Maarten (State Dept),,Americas,Latin America and the Caribbean,Caribbean,,,,,,SXM,SX,,
St. Martin (French),St. Martin (See note),,,Saint Martin ,,,Americas,Latin America and the Caribbean,Caribbean,,,,,,MAF,MF,,
St. Pierre and Miquelon,,St. Pierre & Miquelon,,"Saint Pierre and Miquelon, Saint-Pierre and Miquelon",,,Americas,North America,North America,,,,Saint-Pierre (source: M-W),,SPM,PM,,
St. Vincent and the Grenadines,,St. Vincent & Grenadines,,Saint Vincent and the Grenadines,Saint Vincent and the Grenadines,,Americas,Latin America and the Caribbean,Caribbean,,Latin America-Caribbean,Americas,Kingstown,Y,VCT,VC,,
Sudan,"Gen. don't use ""the""",,,,Republic of the Sudan,Sudanese,Middle East-North Africa,Africa,North Africa,Sub-Saharan Africa (See note),Middle East-North Africa,Middle East-North Africa,Khartoum,Y,SDN,SD,,
Suriname,,,,,Republic of Suriname,"Surinamer (n), Surinamese (adj)",Americas,Latin America and the Caribbean,South America,,Latin America-Caribbean,Americas,Paramaribo,Y,SUR,SR,,
Sweden,,,,,Kingdom of Sweden,Swedish,Europe,Europe,Western Europe,,Europe,Europe,Stockholm,Y,SWE,SE,,
Switzerland,,,,,Swiss Confederation,Swiss,Europe,Europe,Western Europe,,Europe,Europe,Bern,Y,CHE,CH,,
Syria,,,,,Syrian Arab Republic,Syrian,Middle East-North Africa,Middle East,Middle East,,Middle East-North Africa,Middle East-North Africa,Damascus,Y,SYR,SY,,
Taiwan,(See note),,(See note),,"China, Taiwan Province of China (UN)",Taiwanese (See note),Asia,Asia-Pacific,East Asia,,Asia-Pacific,Asia-Pacific,Taipei (See note; source: M-W),,TWN,TW,,
Tajikistan,,,,,Republic of Tajikistan,,Asia,Asia-Pacific,Central Asia,,Asia-Pacific,Asia-Pacific,Dushanbe,Y,TJK,TJ,,
Tanzania,,,,,United Republic of Tanzania,Tanzanian,Sub-Saharan Africa,Africa,Sub-Saharan Africa,,Sub-Saharan Africa,Sub-Saharan Africa,Dodoma,Y,TZA,TZ,,
Thailand,,,,,Kingdom of Thailand,"Thai (n singular and plural, adj - See note)",Asia,Asia-Pacific,East Asia,,Asia-Pacific,Asia-Pacific,Bangkok,Y,THA,TH,,
Togo,,,,,Togolese Republic,Togolese,Sub-Saharan Africa,Africa,Sub-Saharan Africa,,Sub-Saharan Africa,Sub-Saharan Africa,Lome,Y,TGO,TG,,
Tokelau,,,,,,Tokelauan,Asia,Asia-Pacific,Oceania,,,,,,TKL,TK,,
Tonga,,,,,Kingdom of Tonga,Tongan,Asia,Asia-Pacific,Oceania,,Asia-Pacific,Asia-Pacific,Nuku’alofa,Y,TON,TO,,
Trinidad and Tobago,,Trinidad & Tobago,,,Republic of Trinidad and Tobago,,Americas,Latin America and the Caribbean,Caribbean,,Latin America-Caribbean,Americas,Port of Spain,Y,TTO,TT,,
Tunisia,,,,,Republic of Tunisia,Tunisian,Middle East-North Africa,Africa,North Africa,,Middle East-North Africa,Middle East-North Africa,Tunis,Y,TUN,TN,,
Turkey,,Turkey,Govt. favors Türkiye. (See note),Türkiye,Republic of Turkey (State Dept); Republic of Türkiye (UN),"Turk (n), Turkish (adj)",Middle East-North Africa,Middle East,Middle East,(See note),Asia-Pacific,Asia-Pacific,Ankara,Y,TUR,TR,,
Turkmenistan,,,,,,Turkmen (adj),Asia,Asia-Pacific,Central Asia,,Asia-Pacific,Asia-Pacific,Ashgabat,Y,TKM,TM,,
Turks and Caicos Islands,"the Turks and Caicos Islands; Cockburn Town, Turks and Caicos Islands",Turks & Caicos,"Gen. takes singular verb. ""Turks and Caicos"" OK in headlines and repeated text references",,,,Americas,Latin America and the Caribbean,Caribbean,,,,,,TCA,TC,,
Tuvalu,,,,,,,Asia,Asia-Pacific,Oceania,,,Asia-Pacific,Funafuti,Y,TUV,TV,,
U.S. Virgin Islands,"the U.S. Virgin Islands; Christiansted, U.S. Virgin Islands",,"Gen. takes singular verb; avoid ""Virgin Islands"" alone unless referencing the overall geographic area.",Virgin Islands,United States Virgin Islands (State Dept),,Americas,Latin America and the Caribbean,Caribbean (See note),,Latin America-Caribbean,,Charlotte Amalie (source: M-W),,VIR,VI,,
Uganda,,,,,Republic of Uganda,Ugandan,Sub-Saharan Africa,Africa,Sub-Saharan Africa,,Sub-Saharan Africa,Sub-Saharan Africa,Kampala,Y,UGA,UG,,
Ukraine,,,"Do not use ""the Ukraine.""",,,Ukrainian,Europe,Europe,Eastern Europe (See note),,Europe,Europe,Kyiv,Y,UKR,UA,,
United Arab Emirates,"the United Arab Emirates; the UAE (later refs); Dubai, UAE",UAE,Gen. takes singular verb. ,,,,Middle East-North Africa,Middle East,Middle East,,Middle East-North Africa,Middle East-North Africa,Abu Dhabi,Y,ARE,AE,,
United Kingdom,"the United Kingdom; the U.K. (later refs); Birmingham, U.K. (See note)",U.K.,Note periods in U.K. (See note),,United Kingdom of Great Britain and Northern Ireland,"Briton (n), British (adj) - (See note)",Europe,Europe,Western Europe,,Europe,Europe,London,Y,GBR,GB,,
United States,the United States; the U.S. (later refs),U.S.,Gen. takes singular verb. Possessive: United States' (never U.S.'s). (See note),,United States of America,"American (n, adj); U.S. (adj, ""U.S. adults"")",Americas,North America,North America,,North America,Americas,"Washington, D.C.",Y,USA,US,,
Uruguay,,,,,Oriental Republic of Uruguay (State); Eastern Republic of Uruguay (UN),Uruguayan,Americas,Latin America and the Caribbean,South America,,Latin America-Caribbean,Americas,Montevideo,Y,URY,UY,,
Uzbekistan,,,,,Republic of Uzbekistan,Uzbek (See note),Asia,Asia-Pacific,Central Asia,,Asia-Pacific,Asia-Pacific,Tashkent,Y,UZB,UZ,,
Vanuatu,,,,,Republic of Vanuatu,,Asia,Asia-Pacific,Oceania,,Asia-Pacific,Asia-Pacific,Port-Vila,Y,VUT,VU,,
Vatican City,,,(See note),Holy See,Holy See,,Europe,Europe,Western Europe,,,,Vatican City,O,VAT,VA,,
Venezuela,,,,,Bolivarian Republic of Venezuela,Venezuelan,Americas,Latin America and the Caribbean,South America,,Latin America-Caribbean,Americas,Caracas,Y,VEN,VE,,
Vietnam,,,,Viet Nam,Socialist Republic of Vietnam (State); Socialist Republic of Viet Nam (UN),Vietnamese,Asia,Asia-Pacific,East Asia,,Asia-Pacific,Asia-Pacific,Hanoi,Y,VNM,VN,,
Wallis and Futuna,,,,,Territory of the Wallis and Futuna Islands (State Dept),,Asia,Asia-Pacific,Oceania,,,,,,WLF,WF,,
Western Sahara,,,(See note),,,,Middle East-North Africa,Africa,North Africa,,Middle East-North Africa,Middle East-North Africa,,,ESH,EH,,
Yemen,,,,,Republic of Yemen,Yemeni,Middle East-North Africa,Middle East,Middle East,,Middle East-North Africa,Middle East-North Africa,Sanaa,Y,YEM,YE,,
Zambia,,,,,Republic of Zambia,Zambian,Sub-Saharan Africa,Africa,Sub-Saharan Africa,,Sub-Saharan Africa,Sub-Saharan Africa,Lusaka,Y,ZMB,ZM,,
Zimbabwe,,,,,Republic of Zimbabwe,Zimbabwean,Sub-Saharan Africa,Africa,Sub-Saharan Africa,,Sub-Saharan Africa,Sub-Saharan Africa,Harare,Y,ZWE,ZW,,
,,,,,,,,,,,,,,,,,,
,,,,,,,,,,,,,,,,,,
,,,,,,,,,,,,,,,,,,
,,,,,,,,,,,,,,,,,,
,,,,,,,,,,,,,,,,,,
,,,,,,,,,,,,,,,,,,
,,,,,,,,,,,,,,,,,,
,,,,,,,,,,,,,,,,,,
,,,,,,,,,,,,,,,,,,
,,,,,,,,,,,,,,,,,,
,,,,,,,,,,,,,,,,,,
,,,,,,,,,,,,,,,,,,
,,,,,,,,,,,,,,,,,,
,,,,,,,,,,,,,,,,,,
,,,,,,,,,,,,,,,,,,
,,,,,,,,,,,,,,,,,,
,,,,,,,,,,,,,,,,,,
,,,,,,,,,,,,,,,,,,
,,,,,,,,,,,,,,,,,,
,,,,,,,,,,,,,,,,,,
,,,,,,,,,,,,,,,,,,
,,,,,,,,,,,,,,,,,,
,,,,,,,,,,,,,,,,,,
,,,,,,,,,,,,,,,,,,
,,,,,,,,,,,,,,,,,,
,,,,,,,,,,,,,,,,,,
,,,,,,,,,,,,,,,,,,
,,,,,,,,,,,,,,,,,,
,,,,,,,,,,,,,,,,,,
,,,,,,,,,,,,,,,,,,
,,,,,,,,,,,,,,,,,,
,,,,,,,,,,,,,,,,,,
,,,,,,,,,,,,,,,,,,
,,,,,,,,,,,,,,,,,,
,,,,,,,,,,,,,,,,,,
,,,,,,,,,,,,,,,,,,
,,,,,,,,,,,,,,,,,,
,,,,,,,,,,,,,,,,,,
,,,,,,,,,,,,,,,,,,
,,,,,,,,,,,,,,,,,,
,,,,,,,,,,,,,,,,,,
,,,,,,,,,,,,,,,,,,
,,,,,,,,,,,,,,,,,,
,,,,,,,,,,,,,,,,,,
,,,,,,,,,,,,,,,,,,
,,,,,,,,,,,,,,,,,,
,,,,,,,,,,,,,,,,,,
,,,,,,,,,,,,,,,,,,
,,,,,,,,,,,,,,,,,,
,,,,,,,,,,,,,,,,,,
,,,,,,,,,,,,,,,,,,
,,,,,,,,,,,,,,,,,,
,,,,,,,,,,,,,,,,,,
,,,,,,,,,,,,,,,,,,
,,,,,,,,,,,,,,,,,,
,,,,,,,,,,,,,,,,,,
,,,,,,,,,,,,,,,,,,
,,,,,,,,,,,,,,,,,,
,,,,,,,,,,,,,,,,,,
,,,,,,,,,,,,,,,,,,
,,,,,,,,,,,,,,,,,,
